{
	"format_version": "1.8.0",
	"animations": {
		"animation.brf.idle": {
			"loop": true,
			"animation_length": 0.96,
			"bones": {
				"RightArm": {
					"rotation": {
						"0.0": {
							"vector": [0, 0, 0]
						},
						"0.24": {
							"vector": [-2.5, 0, 0]
						},
						"0.48": {
							"vector": [0, 0, 0]
						},
						"0.72": {
							"vector": [0, 0, 0]
						},
						"0.96": {
							"vector": [0, 0, 0]
						}
					},
					"position": {
						"vector": [0, 0, 0]
					}
				},
				"LeftArm": {
					"rotation": {
						"0.0": {
							"vector": [0, 0, 0]
						},
						"0.24": {
							"vector": [2.5, 0, 0]
						},
						"0.48": {
							"vector": [-2.5, 0, 0]
						},
						"0.72": {
							"vector": [-5, 0, 0]
						},
						"0.96": {
							"vector": [0, 0, 0]
						}
					},
					"position": {
						"vector": [0, 0, 0]
					}
				}
			}
		},
		"animation.brf.reload": {
			"animation_length": 2.16,
			"bones": {
				"RightArm": {
					"rotation": {
						"0.0": {
							"vector": [0, 0, 0]
						},
						"0.24": {
							"vector": [-2.13906, -6.74015, -27.37402]
						},
						"0.48": {
							"vector": [-5.9308, -7.00871, -37.443]
						},
						"0.72": {
							"vector": [-2.5, 0, 0]
						},
						"1.44": {
							"vector": [-9.76758, -2.15393, -12.31594]
						},
						"1.6": {
							"vector": [-14.76758, -2.15393, -12.31594]
						},
						"1.72": {
							"vector": [-2.52921, -1.83963, -4.81796]
						},
						"1.92": {
							"vector": [-2.67981, -1.61227, 0.17914]
						},
						"2.16": {
							"vector": [-2.67981, -1.61227, 0.17914]
						}
					}
				},
				"LeftArm": {
					"rotation": {
						"0.0": {
							"vector": [0, 0, 0]
						},
						"0.24": {
							"vector": [0, 30, 0]
						},
						"0.48": {
							"vector": [0, 45, 0]
						},
						"0.72": {
							"vector": [30, 45, 0]
						},
						"0.96": {
							"vector": [53.02073, 35.39676, -3.25854]
						},
						"1.2": {
							"vector": [8.02073, 35.39676, -3.25854]
						},
						"1.44": {
							"vector": [4.30304, 45.28389, -1.28509]
						},
						"1.6": {
							"vector": [-0.69696, 45.28389, -1.28509]
						},
						"1.72": {
							"vector": [26.80304, 45.28389, -1.28509]
						},
						"1.92": {
							"vector": [64.30304, 45.28389, -1.28509]
						},
						"2.16": {
							"vector": [0, 0, 0]
						}
					}
				}
			}
		},
		"animation.brf.melee": {
			"animation_length": 1.68,
			"bones": {
				"Arms": {
					"rotation": {
						"0.0": {
							"vector": [0, 0, 0]
						},
						"0.48": {
							"vector": [20, 0, 0]
						},
						"0.72": {
							"vector": [20.88852, 16.41371, 6.15491]
						},
						"1.44": {
							"vector": [-4.11148, 16.41371, 6.15491]
						},
						"1.68": {
							"vector": [0, 0, 0]
						}
					},
					"position": {
						"0.0": {
							"vector": [0, 0, 0]
						},
						"0.48": {
							"vector": [0, -2.5, 0]
						},
						"0.72": {
							"vector": [-1, -2.5, 0]
						},
						"1.2": {
							"vector": [-1, -3, 0]
						},
						"1.44": {
							"vector": [0, 0, 0]
						},
						"1.68": {
							"vector": [0, 0, 0]
						}
					}
				},
				"RightArm": {
					"rotation": {
						"0.0": {
							"vector": [0, 0, 0]
						},
						"0.48": {
							"vector": [17.5, 0, 0]
						},
						"0.72": {
							"vector": [17.89807, 11.91276, 3.81397]
						},
						"1.44": {
							"vector": [-2.10193, 11.91276, 3.81397]
						},
						"1.68": {
							"vector": [0, 0, 0]
						}
					},
					"position": {
						"0.0": {
							"vector": [0, 0, 0]
						},
						"1.2": {
							"vector": [0, -0.5, 0]
						},
						"1.68": {
							"vector": [0, 0, 0]
						}
					}
				},
				"LeftArm": {
					"rotation": {
						"0.0": {
							"vector": [0, 0, 0]
						},
						"0.24": {
							"vector": [-4.88267, -1.41004, 15.16668]
						},
						"0.96": {
							"vector": [1.48703, 7.83688, 6.76741]
						},
						"1.44": {
							"vector": [1.39187, 0.59, -3.42387]
						},
						"1.68": {
							"vector": [0, 0, 0]
						}
					},
					"position": {
						"0.0": {
							"vector": [0, 0, 0]
						},
						"0.24": {
							"vector": [0, 0, 1]
						},
						"0.48": {
							"vector": [1.5, 0, 2]
						},
						"0.96": {
							"vector": [1.5, 0, -2]
						},
						"1.44": {
							"vector": [1.5, 0, 1]
						},
						"1.68": {
							"vector": [0, 0, 1]
						}
					}
				}
			}
		},
		"animation.brf.aim": {
			"animation_length": 0.72,
			"bones": {
				"Arms": {
					"rotation": {
						"0.0": {
							"vector": [0, 0, 0]
						},
						"0.72": {
							"vector": [0, 0, 0]
						}
					},
					"position": {
						"0.0": {
							"vector": [0, 0, 0]
						},
						"0.48": {
							"vector": [5, -1, 0]
						},
						"0.72": {
							"vector": [5, -1, 0]
						}
					}
				},
				"RightArm": {
					"rotation": {
						"0.0": {
							"vector": [0, 0, 0]
						},
						"0.72": {
							"vector": [0, 0, 0]
						}
					},
					"position": {
						"0.0": {
							"vector": [0, 0, 0]
						},
						"0.48": {
							"vector": [5, -1, 0]
						},
						"0.72": {
							"vector": [5, -1, 0]
						}
					}
				},
				"LeftArm": {
					"rotation": {
						"0.0": {
							"vector": [0, 0, 0]
						},
						"0.24": {
							"vector": [66.02406, -7.30111, -15.9477]
						},
						"0.72": {
							"vector": [66.02, -7.3, -15.95]
						}
					}
				}
			}
		}
	},
	"geckolib_format_version": 2
}